Country,Year,Employment rate,Exposed to air pollution,Households and NPISHs net adjusted disposable income per capita,Housing affordability,Job satisfaction,Life expectancy at birth,Life satisfaction,Satisfaction with personal relationships,Social support,Feeling safe at night,GDP per capita PPP,Unemployment total percent,Life expectancy,PM2.5 air pollution,Intentional homicides,Household consumption expenditure PPP,Cost of living Index,Rent Index,Traffic Index,Time Index,Inefficiency Index,CO2 Emission Index
Albania,2018,,,,,,,,,,,15054.9984743848,12.304,79.238,19.0461862321065,2.28039848927055,23497531697.8471,37.9,7.3,,,,
Albania,2019,,,,,,,,,,,16441.8041908551,11.466,79.467,15.70470712234,2.25302550996799,25353808485.5976,36.2,8.2,,,,
Albania,2020,,,,,,,,,,,16287.6432648867,11.69,77.824,15.7070036417042,2.12398982086583,23913980458.792,36.4,8.5,,,,
Albania,2021,,,,,,,,,,,18212.8532699363,11.474,76.844,,2.31608568885389,25618152056.6915,40.2,9.2,,,,
Albania,2022,,,,,,,,,,,22032.4608490664,10.137,78.769,,1.6975478920699,31167734728.7449,35.5,8.5,,,,
Albania,2023,,,,,,,,,,,24128.8445370664,10.108,79.602,,1.38708340817063,33915352788.8762,37.4,9.1,,,,
Albania,2024,,,,,,,,,,,26693.1934374653,10.25,,,,37171557772.616,40.8,10.2,114.7,36.7,105.7,1492.0
Andorra,2018,,,,,,,,,,,55244.6554088177,,84.242,9.89580638748632,,,,,,,,
Andorra,2019,,,,,,,,,,,57475.0692842215,,84.098,9.01087465277866,,,,,,,,
Andorra,2020,,,,,,,,,,,52095.8414004627,,79.418,9.08028059086901,2.58464719565779,,,,,,,
Andorra,2021,,,,,,,,,,,59332.2029100127,,82.331,,,,,,,,,
Andorra,2022,,,,,,,,,,,68470.0759483848,,84.016,,,,,,,,,
Andorra,2023,,,,,,,,,,,71730.668682165,,84.041,,,,,,,,,
Andorra,2024,,,,,,,,,,,74939.4746038578,,,,,,,,,,,
Austria,2018,,,,,,,,,,84.0,56636.4953030542,4.933,81.6926829268293,12.5861934480679,0.972669073494819,241762588537.224,81.5,29.3,78.9,27.0,82.8,1367.1
Austria,2019,77.654,99.986336,46162.0,79.2029613777,,82.0,,,92.1018243735,84.0,60354.9279422121,4.56,81.8951219512195,11.4645937760057,0.86703158562286,254065813800.548,71.8,27.6,78.1,25.2,73.5,1547.6
Austria,2020,76.457,99.986313,45404.0,78.7387693976,,81.3,,,88.6930648755,82.3333333333,58523.0337816246,5.201,81.1926829268293,10.9335136815146,0.728584791296886,241773220224.857,70.4,26.8,81.8,26.3,77.6,1711.4
Austria,2021,76.428,,47037.0,78.9315567186,,81.3,7.9919458767,,88.6930648755,82.3333333333,62968.9422311892,6.459,81.190243902439,,0.724875548626241,268424138903.522,75.5,28.4,80.1,25.7,74.7,1655.4
Austria,2022,78.006,,47149.0,79.227485712,,81.4,7.8826444055,8.5634548772,88.6930648755,82.3333333333,70734.9425647902,4.992,81.2951219512195,,0.871514782049046,312275171235.444,71.0,27.1,80.4,25.5,73.0,1696.6
Austria,2023,77.92,,46610.0,79.3439751966,7.7133880418,81.9,7.696147497,,89.6883561137,83.0,70478.7873635411,5.264,81.5414634146342,,0.876191031111463,321427099191.943,66.0,23.1,79.1,24.8,79.6,1630.6
Austria,2024,78.197,,,,,,7.6220193507,,89.6883561137,83.0,71621.8033644832,5.439,,,,,66.8,23.7,77.5,24.1,76.4,1585.6
Azerbaijan,2018,,,,,,,,,,,15282.9995232298,4.9,73.016,23.2360923544978,1.96219351122527,89831219901.1523,,,,,,
Azerbaijan,2019,,,,,,,,,,,16675.3179361558,5,73.29,22.023834941184,1.66164299896889,99255431307.886,,,,,,
Azerbaijan,2020,,,,,,,,,,,15163.5703327282,7.24,70.312,21.7269999756599,2.15091148557269,94117471818.4063,,,,,,
Azerbaijan,2021,,,,,,,,,,,20111.3756952109,6.04,70.999,,1.7001534193041,101095066472.181,,,,,,
Azerbaijan,2022,,,,,,,,,,,22552.0886560523,5.65,74.125,,1.78722260168325,114155807796.224,,,,,,
Azerbaijan,2023,,,,,,,,,,,23651.5994852756,5.636,74.429,,2.16122820563689,125009678965.829,,,,,,
Azerbaijan,2024,,,,,,,,,,,25088.9993757134,5.594,,,,132664459716.449,,,,,,
Belarus,2018,,,,,,,,,,,,,,,,,34.1,10.6,115.2,29.1,105.6,4514.0
Belarus,2019,,,,,,,,,,,,,,,,,33.1,10.0,109.8,28.8,92.9,4002.3
Belarus,2020,,,,,,,,,,,,,,,,,34.7,10.5,112.8,30.7,105.5,3592.9
Belarus,2021,,,,,,,,,,,,,,,,,30.7,9.2,108.3,30.1,97.8,3339.2
Belarus,2022,,,,,,,,,,,,,,,,,30.9,9.8,108.8,30.2,96.9,3367.5
Belarus,2023,,,,,,,,,,,,,,,,,35.4,10.0,108.2,29.9,95.1,3396.9
Belarus,2024,,,,,,,,,,,,,,,,,27.1,8.2,110.9,30.8,95.9,3359.5
Belgium,2018,,,,,,,,,,65.6666666667,52466.7330784599,5.941,81.5951219512195,12.4925874999047,,281506224429.26,83.3,28.1,129.1,34.6,156.9,3526.2
Belgium,2019,73.604,99.962563,43766.0,80.4111912624,,82.1,,,90.6998144251,65.6666666667,56712.469571978,5.364,81.9951219512195,11.2143791835506,,300367287452.561,73.0,25.8,136.1,34.9,160.7,4279.4
Belgium,2020,73.468,99.962547,43700.0,80.6831223978,,80.8,,,90.8298792149,65.6666666667,56120.0958420466,5.545,80.6951219512195,11.2160664677018,,285257728597.441,71.8,25.4,145.3,36.1,187.9,4658.5
Belgium,2021,74.057,,44861.0,80.3704920239,,81.9,7.5479577814,,90.8298792149,65.6666666667,60669.2137746531,6.248,81.790243902439,,1.08030153549307,309809397490.052,78.5,26.8,145.9,36.2,187.9,4696.1
Belgium,2022,75.41,,44467.0,79.6440377201,,81.8,7.5772294915,7.9374506945,90.8298792149,65.6666666667,68157.8347860761,5.57,81.7487804878049,,,354633493475.421,72.6,25.8,149.0,36.9,192.4,4718.3
Belgium,2023,75.456,,45273.0,80.9073223943,7.7239212271,82.5,7.681908677,,90.2144180111,71.0,69103.0102591812,5.528,82.3975609756098,,,372045230133.765,65.6,22.4,146.2,36.3,187.8,4705.4
Belgium,2024,75.825,,,,,,7.5976112956,,90.2144180111,71.0,72236.9050549712,5.488,,,,,63.0,21.4,141.6,35.5,183.2,4535.8
Bosnia and Herzegovina,2018,,,,,,,,,,,14858.2829104281,18.4,77.942,32.4989922059154,1.15146147032772,32115639222.925,39.3,6.9,91.0,27.5,67.2,2403.3
Bosnia and Herzegovina,2019,,,,,,,,,,,16428.3936618412,15.692,77.394,26.7157922521039,1.25540534198886,34479075344.8999,35.7,6.3,92.8,26.4,69.8,2765.8
Bosnia and Herzegovina,2020,,,,,,,,,,,16369.9356023621,15.868,76.04,26.6019532713554,1.3032872085846,33103136477.1196,36.0,6.7,92.5,26.7,71.9,2682.1
Bosnia and Herzegovina,2021,,,,,,,,,,,18286.7225355833,14.897,74.567,,0.986160622452258,35865078188.9022,38.6,7.1,89.5,25.9,68.6,2521.3
Bosnia and Herzegovina,2022,,,,,,,,,,,21117.2830770519,12.657,76.777,,1.09211115070447,41113156311.4642,36.1,6.8,90.4,26.0,70.7,2579.3
Bosnia and Herzegovina,2023,,,,,,,,,,,22512.4345037356,10.668,77.85,,1.22446173133237,44569649833.1033,35.1,5.9,95.1,27.1,102.8,2705.8
Bosnia and Herzegovina,2024,,,,,,,,,,,22955.7616198884,10.723,,,,44792988221.1255,34.7,5.7,93.1,26.6,100.4,2595.7
Bulgaria,2018,,,,,,,,,,,23997.2137719712,5.211,74.9634146341464,19.7159830127087,1.30965598682543,87325528816.7974,41.2,9.8,106.9,31.1,106.2,2757.1
Bulgaria,2019,77.678,99.886948,18972.0,76.2584904125,,75.1,,,93.1428503554,,26765.1382137612,4.23,75.1121951219512,17.5380256575647,1.18988414972527,94852857640.0508,37.2,9.2,98.6,28.8,88.7,2729.5
Bulgaria,2020,76.384,99.886482,19275.0,77.2799560808,,73.3,,,91.0492372263,,27352.0308736744,5.125,73.3560975609756,17.1474236131426,0.995146569224991,92630701064.4641,36.7,9.6,102.4,29.4,92.4,2937.4
Bulgaria,2021,76.493,,20194.0,76.7759882571,,71.2,5.6635483578,,91.0492372263,,30959.1971248,5.267,71.2121951219512,,1.29412653402161,107368818113.569,40.9,9.9,102.6,29.4,93.8,2953.9
Bulgaria,2022,78.859,,20998.0,76.6188506286,,74.2,5.5609930211,6.0258107115,91.0492372263,,35815.2714195186,4.268,74.1609756097561,,1.11341216291447,127570479150.87,38.4,9.1,102.6,29.4,92.3,2942.0
Bulgaria,2023,79.434,,,,6.2021387473,75.8,5.8810288066,,92.9535528324,,37435.2763390633,4.319,75.7073170731707,,1.08890737415431,133943935021.487,40.5,10.0,99.4,28.9,89.1,2766.4
Bulgaria,2024,80.314,,,,,,6.2387145375,,92.9535528324,,41519.5397897491,4.104,,,,150902722483.73,38.7,9.9,100.2,29.1,93.1,2794.5
Croatia,2018,,,,,,,,,,72.6666666667,29788.5696424301,8.432,77.919512195122,20.0014497847215,0.596292847367914,57693958653.7116,55.1,12.0,104.6,29.5,96.9,3098.0
Croatia,2019,68.657,99.596603,21599.0,79.0746139481,,78.6,,,85.3174122583,72.6666666667,33063.2437319914,6.617,78.2243902439024,15.914853988952,0.827828171469303,62391657917.298,49.2,11.6,105.8,29.1,104.2,3337.6
Croatia,2020,69.24,99.595741,22004.0,79.6678151283,,77.6,,,89.8083636042,82.0,31594.0331577599,7.507,77.5243902439024,16.1208592960264,1.01164453441337,59867906131.3274,49.7,13.5,104.3,29.1,105.5,3161.5
Croatia,2021,71.17,,24012.0,80.1137052001,,76.6,6.8190810972,,89.8083636042,82.0,36930.2190219953,7.608,76.4243902439025,,0.840847880426335,70276596571.3775,56.4,14.9,100.7,28.1,102.3,3063.8
Croatia,2022,72.458,,24391.0,79.6203604191,,77.7,6.8477479647,7.1837919651,89.8083636042,82.0,41958.2742274564,6.96,77.5756097560976,,0.79344217483012,81595550123.541,48.9,13.4,96.8,26.9,98.4,2942.2
Croatia,2023,73.539,,26112.0,80.7715728221,7.4255738212,78.6,7.0766311138,,89.8684810641,73.5,46267.6541108731,6.086,78.4731707317073,,0.667347104040825,87174785547.71,46.7,12.2,96.1,26.5,98.0,2936.3
Croatia,2024,76.469,,,,,,7.187791894,,89.8684810641,73.5,48816.9480032684,5.236,,,,96679855737.9506,46.9,14.5,94.4,26.0,94.6,2859.9
Czechia,2018,,,,,,,,,,72.5,41638.1831076596,2.246,79.0292682926829,17.3467438168398,,183353434173.361,50.1,19.1,95.5,30.3,76.0,2061.5
Czechia,2019,82.835,99.999008,32539.0,73.9577679239,,79.3,,,,,45614.0171132532,2.015,79.2292682926829,14.2336874017967,0.862160849844266,197643808555.345,45.1,18.3,94.9,30.0,75.9,2088.7
Czechia,2020,82.472,99.999008,33258.0,74.0568951796,,78.3,,,94.1591853132,77.6666666667,44839.4822099455,2.55,78.2268292682927,14.1110711384133,0.729848861096918,182627052295.297,46.1,19.6,92.1,29.7,73.4,1946.5
Czechia,2021,82.701,,34805.0,74.091281888,,77.2,7.2652421866,,94.1591853132,77.6666666667,47796.0337408466,2.803,77.2219512195122,,0.44631485186264,187250842059.174,49.2,19.8,92.5,29.7,74.4,1957.7
Czechia,2022,84.156,,33879.0,74.0344901009,,79.0,7.3848566569,8.1676965701,94.1591853132,77.6666666667,51709.8373933963,2.224,78.9292682926829,,0.81512474266184,213083044518.277,48.2,18.4,91.3,29.5,74.5,1926.3
Czechia,2023,84.788,,34146.0,75.5955112758,7.693960759,79.9,7.3781102847,,92.9841915738,75.5,53217.2191709182,2.579,79.8780487804878,,0.767827757917044,219013055495.346,48.9,19.1,90.6,29.5,71.7,1872.7
Czechia,2024,85.498,,34691.0,75.3481990876,,,7.3876211977,,92.9841915738,75.5,56686.5453488007,2.506,,,,,48.6,21.0,89.5,29.2,73.4,1830.7
Denmark,2018,,,,,,,,,,85.6666666667,57233.6231685618,5.131,80.9536585365854,10.3539340590391,1.00106587626187,136117671390.642,93.3,36.6,83.6,28.5,96.7,1405.5
Denmark,2019,80.068,99.157616,39908.0,75.7208545076,,81.5,,,95.5102297619,85.6666666667,60594.966400191,5.018,81.4512195121951,9.61197285377196,0.859901642730301,142342853416.934,81.4,32.9,87.1,28.5,110.6,1631.5
Denmark,2020,79.544,99.152756,39499.0,74.9872697877,,81.6,,,95.3014878173,86.3333333333,62682.2899474389,5.637,81.6024390243903,9.06983927345931,0.823111601929511,143935355574.763,83.0,31.9,86.6,28.8,114.6,1506.2
Denmark,2021,80.741,,40266.0,74.6363955823,,81.5,7.4624077931,,95.3014878173,86.3333333333,69715.1809680929,5.043,81.4048780487805,,0.631746832067094,159305538993.995,91.7,36.2,88.6,28.7,122.7,1667.4
Denmark,2022,81.999,,40314.0,75.2374028438,,81.3,7.627750116,8.1054230453,95.3014878173,86.3333333333,77400.3348008883,4.434,81.3048780487805,,0.982567307766424,165643601469.558,84.1,33.2,87.3,28.5,120.1,1610.1
Denmark,2023,81.459,,40742.0,77.470649427,7.6797999343,81.8,7.5001238652,,93.7617803114,87.5,73737.4475447105,5.094,81.8536585365854,,0.840599404536194,171534698686.628,78.6,30.4,87.5,28.5,119.1,1625.0
Denmark,2024,81.527,,40957.0,77.7658283774,,,7.5845289062,,93.7617803114,87.5,79514.2854383058,5.587,,,,,75.2,28.6,87.4,28.7,123.5,1564.0
Estonia,2018,,,,,,,,,,72.3333333333,37120.9879761677,5.412,78.2439024390244,7.7966811057876,2.11805990251629,21220128178.9607,57.6,15.8,110.4,32.7,190.6,2183.1
Estonia,2019,81.287,97.92379,27813.0,80.3555593543,,79.0,,,91.8760315835,72.3333333333,40586.3784378888,4.514,78.6463414634147,6.84482514683862,1.95957029638124,23110344473.7565,51.0,15.4,83.5,25.7,117.3,1751.1
Estonia,2020,80.71,89.127632,28641.0,80.9052901558,,78.9,,,93.4887706102,78.0,40672.1340402132,6.956,78.5951219512195,6.14573290973003,3.1586796568621,22629743457.129,50.9,15.4,85.3,24.5,104.7,2076.4
Estonia,2021,81.002,,29803.0,80.1363599366,,77.2,7.2091264348,,93.4887706102,78.0,44251.5374983455,6.178,76.9439024390244,,1.95231911106406,24608031996.094,56.5,16.3,86.1,24.7,100.4,2154.2
Estonia,2022,83.453,,28918.0,76.9387297518,,78.1,7.1565139309,7.9383456992,93.4887706102,78.0,47802.0073086125,5.571,77.8439024390244,,1.48138107676406,27681090054.9002,53.7,16.4,85.9,24.5,99.5,2161.9
Estonia,2023,83.592,,27863.0,76.471093314,7.6537741921,79.1,7.1705450094,,93.3480595985,84.0,46790.2700170266,6.378,78.490243902439,,1.53599045052794,28756617125.8653,54.8,16.4,84.0,23.8,95.2,2076.9
Estonia,2024,83.415,,,,,,7.0657616849,,93.3480595985,84.0,49321.0450049538,7.828,,,,,53.0,15.5,77.5,21.8,85.3,1742.8
Finland,2018,,,,,,,,,,86.6666666667,49248.6775395866,7.361,81.7341463414634,5.49695736300986,1.59543516989979,133594912148.324,81.7,29.7,103.9,33.2,101.7,1772.0
Finland,2019,78.935,65.608612,40482.0,77.1809335537,,82.1,,,95.1069675182,86.6666666667,52276.1115723992,6.695,81.9829268292683,5.37867032806067,1.46692385524251,140263303103.39,72.8,26.1,94.0,30.4,83.3,1860.6
Finland,2020,78.557,47.847252,40463.0,76.943402564,,82.0,,,96.7351259488,87.0,53296.5792798852,7.759,81.9317073170732,4.89518090216668,1.75419179501202,137275307153.979,70.3,26.2,93.2,29.9,80.2,1940.8
Finland,2021,78.72,,41037.0,76.7872256694,,81.9,8.0447047955,,96.7351259488,87.0,56790.3766177692,7.617,81.8853658536585,,1.28133981222055,147384152369.942,77.5,28.0,88.8,29.0,77.2,1819.1
Finland,2022,80.184,,40146.0,76.6142493192,,81.2,7.8719903962,8.1587425162,96.7351259488,87.0,61347.1578483192,6.719,81.1878048780488,,1.23893509757691,163555878835.813,73.2,25.9,84.7,27.8,74.8,1729.0
Finland,2023,79.989,,41001.0,78.0123059174,7.8963951415,81.6,7.7212423365,,95.4165484539,86.5,61612.9423925582,7.151,81.6853658536585,,0.98193498501344,170285098358.758,67.5,22.7,82.6,27.2,72.8,1665.6
Finland,2024,78.829,,41507.0,78.6974905997,,,7.8203191245,,95.4165484539,86.5,64288.5540142016,8.26,,,,,65.5,20.8,79.9,26.0,70.6,1623.9
France,2018,,,,,,,,,,73.3333333333,46381.0590629457,9.018,82.6756097560976,10.4599453286038,1.06227847973755,1514654210587.67,83.9,28.6,124.5,35.0,127.4,2966.1
France,2019,73.853,99.697884,42051.0,78.4674713151,,83.0,,,93.1064163906,73.3333333333,51130.4723140578,8.415,82.8268292682927,9.82524600527018,1.14560504750237,1618527665414.08,74.9,26.2,128.2,35.3,129.1,3266.3
France,2020,73.915,99.698296,41294.0,78.5550956441,,82.3,,,90.77776803,74.3333333333,49481.8044309655,8.009,82.1756097560976,9.60038144780495,1.04999178555921,1555483087186.18,74.1,25.4,125.1,34.8,128.7,3143.8
France,2021,75.389,,42918.0,78.672009252,,82.4,6.7923429215,,90.77776803,74.3333333333,52517.3354905855,7.874,82.3243902439024,,1.11071518973766,1660567563712.38,80.6,27.8,124.3,34.5,126.8,3167.6
France,2022,76.045,,43085.0,79.0985493266,,82.3,6.9669646335,7.6945949667,90.77776803,74.3333333333,56082.5908377817,7.308,82.1292682926829,,1.23873280289769,1859257626997.88,74.1,25.3,130.5,35.2,151.0,3432.8
France,2023,76.38,,43435.0,79.6755652156,7.0843069881,83.0,7.1474378325,,87.1300047697,73.0,58245.4991122357,7.335,82.9292682926829,,1.33506280409367,1951424595194.16,68.7,24.6,128.8,35.0,143.6,3401.0
France,2024,77.161,,,,,,7.138569648,,87.1300047697,73.0,61290.4238254531,7.37,,,,,66.0,22.3,128.3,34.8,141.6,3444.0
Germany,2018,,,,,,,,,,71.3333333333,56273.0405627017,3.384,80.8926829268293,11.6526030992972,0.945201062768242,2246101581144.63,74.3,29.1,102.9,31.3,125.2,2226.9
Germany,2019,81.953,99.981415,48555.0,80.8127106722,,81.3,,,89.0081126555,71.3333333333,59270.7276496985,3.163,81.2926829268293,10.6378495266542,0.745579302641966,2368476799983.2,67.6,26.8,98.1,29.9,114.6,2226.5
Germany,2020,80.505,99.981361,48861.0,80.5586462774,,81.1,,,89.4213436483,75.3333333333,58685.872699771,3.881,81.0414634146342,10.2876894329414,0.935085587265765,2277243636731.96,65.3,27.1,104.2,31.0,126.2,2436.6
Germany,2021,80.628,,49278.0,80.6561742285,,80.8,7.1525208525,,89.4213436483,75.3333333333,62530.7653199239,3.594,80.790243902439,,0.830375419597212,2404175789255.39,70.6,29.6,105.6,31.4,129.2,2434.5
Germany,2022,81.662,,49557.0,81.1060464869,,80.7,6.522345927,8.014299255,89.4213436483,75.3333333333,68093.7883105553,3.12,80.6080487804878,,0.815829208272123,2707401079788.64,65.6,27.6,104.6,31.1,126.6,2420.0
Germany,2023,82.122,,48987.0,81.3842148075,7.2245070141,81.1,6.9830359924,,89.71993174,76.0,69199.8397184363,3.068,80.5414634146342,,0.910722780231795,2800553489462.93,62.9,26.1,105.1,31.2,124.4,2452.1
Germany,2024,82.39,,49850.0,81.9164618874,,,6.9830583137,,89.71993174,76.0,72295.2353730129,3.406,,,,,62.7,26.3,102.3,30.3,129.1,2444.3
Greece,2018,,,,,,,,,,56.6666666667,29792.0592519585,19.179,81.7878048780488,15.5840100248101,0.922574259889262,194024068218.777,63.2,11.8,120.2,32.2,127.7,3744.3
Greece,2019,64.101,99.692436,24983.0,76.8167186071,,81.7,,,80.9771264191,56.6666666667,31927.3792151369,17.045,81.6390243902439,14.9419055519621,0.727708640014711,204692422116.013,56.7,10.8,124.3,32.2,139.3,4177.6
Greece,2020,64.043,99.6922,24426.0,75.2878750429,,81.4,,,83.3448182558,66.3333333333,29533.087740299,15.899,81.2878048780488,14.4089280374361,0.72901495405944,186779819427.65,55.7,11.7,133.9,33.8,145.3,4603.8
Greece,2021,65.389,,26744.0,75.8108944648,,80.2,6.7659425326,,83.3448182558,66.3333333333,33531.15511226,14.656,80.0829268292683,,0.841244735958326,204769477098.561,61.0,13.1,133.4,33.9,143.4,4493.4
Greece,2022,69.07,,27033.0,74.9835595411,,80.8,6.7307896823,7.2637586877,83.3448182558,66.3333333333,38969.0221675373,12.426,80.7878048780488,,1.12365161805833,240149774748.013,56.2,12.7,133.3,33.8,142.6,4550.3
Greece,2023,70.04,,28112.0,76.3264051135,6.7928710024,81.8,6.8624746368,,81.1864005228,64.0,41175.0150079318,11.066,81.5365853658537,,0.839605274224601,255523630547.645,54.6,12.9,133.1,33.7,144.1,4547.0
Greece,2024,71.981,,,,,,6.7376669607,,81.1864005228,64.0,44005.1289320493,10.133,,,,,54.2,13.6,132.2,33.6,143.2,4509.1
Guernsey,2018,,,,,,,,,,,,,,,,,,,,,,
Guernsey,2019,,,,,,,,,,,,,,,,,,,,,,
Guernsey,2020,,,,,,,,,,,,,,,,,,,,,,
Guernsey,2021,,,,,,,,,,,,,,,,,,,,,,
Guernsey,2022,,,,,,,,,,,,,,,,,83.6,54.0,,,,
Guernsey,2023,,,,,,,,,,,,,,,,,71.0,46.2,,,,
Guernsey,2024,,,,,,,,,,,,,,,,,67.5,46.7,,,,
Hungary,2018,,,,,,,,,,64.0,32258.2577892511,3.708,76.0658536585366,17.5018535227019,0.879849987623273,137671377666.33,48.6,15.4,116.5,34.1,108.4,2599.4
Hungary,2019,78.071,99.997375,26702.0,80.7888377969,,76.5,,,91.5134375342,64.0,35627.2315520858,3.419,76.3195121951219,14.6412354449754,0.66527835015882,150377053493.112,42.0,13.6,123.8,35.2,130.6,2823.4
Hungary,2020,77.695,99.99736,26490.0,80.2562016517,,75.5,,,93.9115703893,73.6666666667,35583.5855675637,4.25,75.419512195122,14.1364995764273,0.820558561392627,146746045800.008,40.9,14.0,126.1,35.8,132.5,2792.4
Hungary,2021,81.647,,28398.0,80.7623885454,,74.1,6.5474589692,,93.9115703893,73.6666666667,38887.1909527154,4.045,74.0658536585366,,0.772570691377117,157352909705.651,42.7,12.8,126.6,35.8,131.7,2829.9
Hungary,2022,83.193,,29686.0,80.1669308945,,76.0,6.8524802497,7.6121984855,93.9115703893,73.6666666667,44012.2677274292,3.609,75.8682926829268,,0.970642654757226,185057581318.763,40.7,11.9,125.3,35.5,129.9,2817.5
Hungary,2023,83.815,,30549.0,81.756776889,7.8,76.7,7.2,,94.8834002505,73.5,45367.5983545254,4.107,76.7707317073171,,0.722657964901225,191273446097.938,39.2,11.6,126.0,35.6,131.1,2850.2
Hungary,2024,84.159,,,,,,7.1,,94.8834002505,73.5,47637.1359877091,4.434,,,,,43.4,11.3,126.5,35.8,132.0,2815.0
Iceland,2018,,,,,,,,,,,57197.7676247175,2.704,82.8609756097561,5.55924065638007,0.850210001870462,8996151756.4009,124.0,54.6,,,,
Iceland,2019,84.272,71.521439,,,,83.2,,,97.0228081729,85.0,60523.8179440825,3.507,83.1634146341463,5.48155807169081,0.277239086829896,9602666553.43464,101.9,48.3,93.0,19.7,74.2,3618.1
Iceland,2020,81.301,67.655617,,,,83.1,,,97.9361329882,85.0,55796.7454667632,5.478,83.0634146341463,5.10554827500189,1.36383225954273,9827812707.98293,100.5,47.0,92.2,20.1,82.6,3422.4
Iceland,2021,82.75,,,,,83.2,,,97.9361329882,85.0,61610.2132740715,6.029,83.1658536585366,,0.536705993798362,10825162283.4295,96.8,43.2,90.2,20.0,80.1,3224.1
Iceland,2022,85.808,,,,,82.1,,,97.9361329882,85.0,73426.2277837268,3.789,82.119512195122,,1.05164773481651,12623404083.6486,94.9,41.9,89.9,19.8,79.1,3227.0
Iceland,2023,86.233,,,,,82.4,,,98.0802557473,87.5,78194.5558613248,3.518,82.6073170731707,,1.29013114183057,13240795387.6333,83.3,36.7,88.9,20.6,77.7,3020.9
Iceland,2024,87.612,,,,,,,,98.0802557473,87.5,81924.411472168,3.107,,,,,85.7,41.0,95.4,21.9,94.2,3488.0
Ireland,2018,,,,,,,,,,76.6666666667,,,,,,,85.4,47.2,146.9,37.5,178.1,4172.0
Ireland,2019,76.686,99.930412,35781.0,79.8432894569,,82.8,,,93.9984541606,76.6666666667,,,,,,,75.3,41.8,139.1,35.8,166.3,4111.6
Ireland,2020,75.671,99.913719,37351.0,81.1209543036,,82.5,,,90.506765089,74.0,,,,,,,75.9,43.9,148.7,37.7,175.2,4303.3
Ireland,2021,76.875,,38063.0,80.6380757912,,82.3,7.2502842847,,90.506765089,74.0,,,,,,,83.1,45.4,148.5,37.7,172.7,4274.9
Ireland,2022,80.198,,37868.0,79.0205511628,,82.6,7.4475959273,8.2856001695,90.506765089,74.0,,,,,,,76.1,42.1,149.8,37.9,173.8,4311.0
Ireland,2023,81.07,,38491.0,79.6072645595,7.5895694011,82.9,7.5939619106,,92.0628915,77.0,,,,,,,70.5,44.4,149.5,37.9,172.5,4299.8
Ireland,2024,81.752,,,,,,7.5169320033,,92.0628915,77.0,,,,,,,66.5,47.3,149.9,37.8,174.7,4387.2
Isle Of Man,2018,,,,,,,,,,,,,,,,,,,,,,
Isle Of Man,2019,,,,,,,,,,,,,,,,,,,,,,
Isle Of Man,2020,,,,,,,,,,,,,,,,,,,,,,
Isle Of Man,2021,,,,,,,,,,,,,,,,,,,,,,
Isle Of Man,2022,,,,,,,,,,,,,,,,,,,,,,
Isle Of Man,2023,,,,,,,,,,,,,,,,,61.8,27.8,,,,
Isle Of Man,2024,,,,,,,,,,,,,,,,,59.8,27.4,,,,
Italy,2018,,,,,,,,,,63.3333333333,43386.7005868803,10.61,83.3463414634146,16.3354361294692,0.595578796289962,1398646175642.97,79.1,23.1,143.4,37.0,166.5,4036.3
Italy,2019,66.413,99.090408,37341.0,77.0088300102,,83.6,,,88.5239301508,63.3333333333,46661.9105159611,9.951,83.4975609756098,14.8936858575121,0.527189893600108,1485689717620.97,69.2,21.7,135.4,34.7,157.0,4286.3
Italy,2020,65.501,99.09182,36594.0,77.1706580552,,82.3,,,88.1114865579,70.3333333333,44435.6434393527,9.164,82.1951219512195,14.6586386239905,0.475691584209703,1350374468347.41,67.3,21.2,134.4,34.4,157.0,4291.3
Italy,2021,65.622,,38091.0,77.268420099,,82.7,7.1742196143,,88.1114865579,70.3333333333,49825.3934111848,9.497,82.6463414634146,,0.50728829294141,1475761086981.37,73.1,22.9,133.2,34.2,160.4,4256.6
Italy,2022,67.547,,38090.0,76.406078987,,82.8,7.173981706,7.2607245757,88.1114865579,70.3333333333,56247.4155916998,8.069,82.7,,0.540095240763765,1733150439005.83,66.5,20.6,131.4,33.8,158.2,4239.8
Italy,2023,69.066,,38302.0,77.4318932212,7.2212381503,83.5,7.2266878923,,85.9452943752,62.0,57902.4961300606,7.627,83.7,,0.568072449338316,1846348117488.24,61.3,20.5,130.1,33.5,155.6,4223.2
Italy,2024,70.054,,38696.0,,,,7.2126833549,,85.9452943752,62.0,60881.3726392071,6.778,,,,,58.9,21.1,126.1,32.8,149.3,4088.3
Jersey,2018,,,,,,,,,,,,,,,,,,,,,,
Jersey,2019,,,,,,,,,,,,,,,,,,,,,,
Jersey,2020,,,,,,,,,,,,,,,,,,,,,,
Jersey,2021,,,,,,,,,,,,,,,,,,,,,,
Jersey,2022,,,,,,,,,,,,,,,,,92.0,65.3,,,,
Jersey,2023,,,,,,,,,,,,,,,,,80.0,53.9,,,,
Jersey,2024,,,,,,,,,,,,,,,,,74.3,52.5,,,,
Kosovo (Disputed Territory),2018,,,,,,,,,,,,,,,,,29.4,8.6,,,,
Kosovo (Disputed Territory),2019,,,,,,,,,,,,,,,,,26.2,8.1,,,,
Kosovo (Disputed Territory),2020,,,,,,,,,,,,,,,,,28.5,8.5,,,,
Kosovo (Disputed Territory),2021,,,,,,,,,,,,,,,,,29.4,8.8,,,,
Kosovo (Disputed Territory),2022,,,,,,,,,,,,,,,,,27.1,8.0,,,,
Kosovo (Disputed Territory),2023,,,,,,,,,,,,,,,,,28.4,8.0,,,,
Kosovo (Disputed Territory),2024,,,,,,,,,,,,,,,,,31.3,8.5,,,,
Latvia,2018,,,,,,,,,,60.0,29817.8047263182,7.412,74.7829268292683,14.2076039693657,4.35777769938389,30702841724.3305,53.4,13.3,130.4,34.6,143.9,3770.2
Latvia,2019,79.009,99.856453,22975.0,83.5793022666,,75.7,,,88.054046084,60.0,32199.0960377091,6.312,75.3878048780488,12.4865833165492,3.39556267869149,32376130078.2511,49.2,12.0,120.0,31.4,124.7,4047.0
Latvia,2020,78.642,99.856949,23160.0,83.4052404724,,75.5,,,92.9118950524,74.6666666667,32741.4207691987,8.098,75.1853658536585,11.6020322023647,3.68203328189884,31164844361.2612,47.9,12.3,123.9,32.9,132.0,3839.2
Latvia,2021,77.075,,24263.0,83.0734741233,,73.1,6.7447419244,,92.9118950524,74.6666666667,36912.0130602161,7.513,72.9804878048781,,3.02293132059141,36571448324.0704,52.9,13.2,115.1,31.2,124.3,3563.0
Latvia,2022,78.578,,23391.0,81.8507796229,,74.5,6.8309621773,7.9395307198,92.9118950524,74.6666666667,39960.8443388997,6.815,74.2780487804878,,3.56181584561495,42579130402.7823,48.5,11.8,115.3,31.2,124.5,3567.2
Latvia,2023,79.089,,24637.0,83.7630761405,7.6468166662,75.6,6.8686552316,,91.9698688846,74.5,41670.9513242118,6.465,75.6780487804878,,2.49681788529087,43718025378.3717,50.9,10.9,107.9,29.7,118.7,3295.3
Latvia,2024,79.171,,,,,,6.932122434,,91.9698688846,74.5,43780.3830227833,6.72,,,,,51.4,11.7,104.1,29.0,114.3,3135.8
Liechtenstein,2018,,,,,,,,,,,,,83.0414634146342,,2.62271004629083,,,,,,,
Liechtenstein,2019,,,,,,,,,,,,,84.1609756097561,,2.60145681581686,,,,,,,
Liechtenstein,2020,,,,,,,,,,,,,81.6585365853659,,2.57951350375319,,,,,,,
Liechtenstein,2021,,,,,,,,,,,,,84.4024390243902,,5.12242598094458,,,,,,,
Liechtenstein,2022,,,,,,,,,,,,,84.1219512195122,,,,,,,,,
Liechtenstein,2023,,,,,,,,,,,,,84.8414634146342,,,,,,,,,
Liechtenstein,2024,,,,,,,,,,,,,,,,,,,,,,
Lithuania,2018,,,,,,,,,,67.0,36491.9385223689,6.147,75.6804878048781,11.0838572805935,3.28280899974951,56151038237.3252,53.2,15.2,101.0,28.7,119.3,2852.4
Lithuania,2019,80.564,99.999443,27911.0,,,76.5,,,87.7508842128,67.0,40563.8304884555,6.255,76.2829268292683,10.2465023749528,3.36307869103253,60712204899.3171,45.9,12.9,99.6,27.2,93.1,3234.6
Lithuania,2020,79.356,99.999443,29652.0,82.3366329036,,75.2,,,85.6874553675,64.6666666667,41262.7276941725,8.487,75.0292682926829,9.21893860360944,3.6126075712028,58554332790.7626,44.3,13.6,95.7,26.1,84.8,3051.4
Lithuania,2021,79.871,,31208.0,82.20292013,,74.2,6.9769955556,,85.6874553675,64.6666666667,45873.5273239486,7.112,74.0365853658537,,2.57650105788629,65556550595.1423,47.7,14.6,94.2,25.7,82.2,2953.0
Lithuania,2022,80.957,,29943.0,80.9704684312,,75.8,7.0921493349,7.9632787242,85.6874553675,64.6666666667,50498.3823963346,5.955,75.6439024390244,,2.37848472418186,73924737384.9913,45.6,15.0,93.5,26.0,80.3,2844.0
Lithuania,2023,80.399,,29962.0,81.984237716,7.8312130379,77.6,7.188347258,,87.988591373,73.0,50914.8638146665,6.841,76.9878048780488,,2.62779952622526,74920612879.9728,48.8,16.8,89.6,25.0,75.5,2587.8
Lithuania,2024,80.994,,,,,,7.1989364014,,87.988591373,73.0,54409.7628404261,7.504,,,,,48.4,15.8,84.3,23.8,70.2,2233.3
Luxembourg,2018,,,,,,,,,,83.3333333333,116638.414163882,5.589,82.2951219512195,9.29178826573985,0.493339099919257,21549406025.8985,96.6,59.9,,,,
Luxembourg,2019,75.699,100.0,53445.0,80.0192587735,,82.7,,,90.0916002532,83.3333333333,121371.73990307,5.592,82.6390243902439,8.4591046194554,0.644991719918795,22319275531.3579,86.1,55.6,,,,
Luxembourg,2020,75.541,100.0,56236.0,81.2263540008,,82.2,,,,,122066.739147202,6.766,82.1439024390244,8.67476189540246,0.475739656230524,20223911688.0907,81.9,54.9,123.4,32.6,125.1,3967.8
Luxembourg,2021,77.055,,56075.0,80.8291213148,,82.7,7.4221141231,,,,136772.443753292,5.571,82.5975609756098,,0.624732536382861,22884904906.2385,88.3,61.6,119.7,31.8,118.5,3867.0
Luxembourg,2022,78.276,,55863.0,81.1334502705,,83.0,7.2097825661,7.5860315069,87.5474810312,89.0,143381.897533689,4.588,82.9463414634147,,1.5306610542428,25643158132.7468,80.5,60.1,123.9,32.7,123.3,3977.2
Luxembourg,2023,78.12,,52875.0,81.0330379677,7.1808641119,83.4,7.2504849558,,87.7451684737,87.0,142424.729887278,5.184,83.3585365853659,,,27736039804.7102,73.2,48.3,108.9,29.1,117.1,3623.4
Luxembourg,2024,77.331,,,,,,7.2028519607,,,,150929.364202573,5.935,,,,,65.3,42.4,101.5,26.1,114.2,3536.2
Malta,2018,,,,,,,,,,,48177.3556384035,3.658,82.2487804878049,13.1132959646537,1.65099085247881,9792434684.54863,70.9,29.3,,,,
Malta,2019,,,,,,,,,,,51391.8493504266,3.616,82.6585365853659,12.5909175285117,0.992032983112623,10948668057.3413,63.3,28.7,,,,
Malta,2020,,,,,,,,,,,49971.9388819914,4.347,82.0975609756098,11.7226648774147,1.35081285163347,9743325490.21467,67.5,31.0,,,,
Malta,2021,,,,,,,,,,,56852.2570823379,3.394,82.2585365853659,,0.38140534520521,10846827068.7536,73.6,33.0,,,,
Malta,2022,,,,,,,,,,,59511.9340316163,2.921,82.4487804878049,,1.51460075124197,12776792326.0197,67.8,29.7,99.4,29.1,112.3,2599.8
Malta,2023,,,,,,,,,,,64220.3751411583,3.11,83.5073170731707,,0.562898250512237,15259077857.511,61.4,25.7,98.6,29.2,109.9,2488.3
Malta,2024,,,,,,,,,,,69832.1871006218,2.703,,,,17123130778.1525,55.1,25.3,95.0,28.2,105.0,2428.7
Moldova,2018,,,,,,,,,,,,,,,,,33.1,8.8,,,,
Moldova,2019,,,,,,,,,,,,,,,,,32.3,8.0,,,,
Moldova,2020,,,,,,,,,,,,,,,,,33.7,8.4,,,,
Moldova,2021,,,,,,,,,,,,,,,,,32.7,8.7,,,,
Moldova,2022,,,,,,,,,,,,,,,,,30.3,8.7,,,,
Moldova,2023,,,,,,,,,,,,,,,,,32.3,8.3,,,,
Moldova,2024,,,,,,,,,,,,,,,,,34.6,9.8,,,,
Monaco,2018,,,,,,,,,,,,,86.084,10.6954915739758,,,,,,,,
Monaco,2019,,,,,,,,,,,,,86.151,9.65907893202952,,,,,,,,
Monaco,2020,,,,,,,,,,,,,86.089,9.5810695715317,,,,,,,,
Monaco,2021,,,,,,,,,,,,,85.113,,,,,,,,,
Monaco,2022,,,,,,,,,,,,,85.746,,,,,,,,,
Monaco,2023,,,,,,,,,,,,,86.372,,,,,,,,,
Monaco,2024,,,,,,,,,,,,,,,,,,,,,,
Montenegro,2018,,,,,,,,,,,21083.1758536243,15.19,77.8853658536585,22.0010575045609,2.2734838704439,7952888114.1183,44.4,10.8,,,,
Montenegro,2019,,,,,,,,,,,23705.0481749248,15.128,76.6829268292683,18.3231957596321,3.76021900823406,8642584519.69223,39.6,9.9,,,,
Montenegro,2020,,,,,,,,,,,20624.7797600108,17.878,75.9317073170732,17.9824100566499,2.96084285326556,8045892395.1117,38.2,10.4,,,,
Montenegro,2021,,,,,,,,,,,23690.0272582142,16.543,73.8243902439024,,2.48405855422824,8862638766.05161,41.4,11.8,,,,
Montenegro,2022,,,,,,,,,,,27691.9117209251,14.851,76.1878048780488,,2.60311804733607,11055297322.5951,38.9,12.9,,,,
Montenegro,2023,,,,,,,,,,,31063.8504485867,14.621,77.5878048780488,,0.789201202111271,12412948216.2979,38.9,13.5,,,,
Montenegro,2024,,,,,,,,,,,34225.8729889066,14.1,,,,14291999123.3042,40.9,16.6,,,,
Netherlands,2018,,,,,,,,,,82.6666666667,58819.2609142584,3.832,81.8121951219512,12.0708917579666,0.574010651743461,404756205369.099,82.7,36.2,120.0,32.7,199.0,3148.0
Netherlands,2019,81.39,99.403496,44730.0,80.3155422274,,82.2,,,93.6986763377,82.6666666667,62345.2538465433,3.379,82.1121951219512,11.3641419467189,0.712758090417298,424248933218.775,74.8,34.7,107.4,29.9,176.7,2921.9
Netherlands,2020,81.561,99.40522,45157.0,79.9454018752,,81.4,,,92.8621148364,82.6666666667,62596.6302027524,3.82,81.3585365853659,10.8892498470498,0.686068183497271,411557315511.328,73.7,35.2,102.9,29.4,177.2,2580.5
Netherlands,2021,82.109,,46033.0,80.2460780173,,81.4,7.7317250614,,92.8621148364,82.6666666667,68573.5648786446,4.209,81.309756097561,,0.710637312796065,451079987301.618,78.6,39.3,97.5,27.8,166.3,2510.3
Netherlands,2022,83.227,,45923.0,80.5172049788,,81.7,7.664159679,8.0331498597,92.8621148364,82.6666666667,77152.2237613361,3.526,81.6146341463415,,0.798685419651381,531370498533.496,75.7,36.1,95.7,27.4,160.8,2442.3
Netherlands,2023,83.828,,46301.0,81.3150518427,7.680984638,81.9,7.5973402106,,90.9823160781,82.5,78305.2888358968,3.537,81.9146341463415,,0.690893081283378,559300055945.794,68.6,33.4,89.4,25.5,149.0,2170.3
Netherlands,2024,83.82,,47171.0,81.7623180515,,,7.6183944362,,90.9823160781,82.5,84221.9783775078,3.599,,,,,64.3,34.5,84.6,23.7,138.0,1954.7
North Macedonia,2018,,,,,,,,,,,,,,,,,34.8,6.9,,,,
North Macedonia,2019,,,,,,,,,,,,,,,,,31.6,6.5,96.1,27.9,102.1,2623.4
North Macedonia,2020,,,,,,,,,,,,,,,,,31.6,6.5,93.8,27.6,102.2,2465.6
North Macedonia,2021,,,,,,,,,,,,,,,,,34.1,6.7,92.5,27.2,101.4,2423.1
North Macedonia,2022,,,,,,,,,,,,,,,,,31.4,6.1,90.7,26.3,97.9,2416.6
North Macedonia,2023,,,,,,,,,,,,,,,,,31.4,5.7,89.4,25.7,96.5,2379.0
North Macedonia,2024,,,,,,,,,,,,,,,,,34.1,6.8,84.8,24.9,71.8,2161.6
Norway,2018,,,,,,,,,,92.6666666667,70253.8463693386,3.801,82.7585365853659,6.69607752509394,0.470654459145075,148169719058.183,113.7,40.9,106.5,31.0,136.6,2598.9
Norway,2019,81.145,77.598549,47200.0,82.2255726367,,83.0,,,94.8537053938,92.6666666667,70939.605518036,3.684,82.9585365853659,6.38122446338577,0.523586594350632,155661633339.146,101.0,37.3,94.5,27.1,115.6,2577.0
Norway,2020,80.449,70.573822,46844.0,82.3338800288,,83.3,,,94.1929827814,92.3333333333,67110.6045705502,4.424,83.209756097561,6.05589724673443,0.576285998471727,147189956013.911,101.4,36.2,91.4,27.0,112.5,2302.5
Norway,2021,81.481,,48384.0,81.7859469328,,83.2,7.5,,94.1929827814,92.3333333333,88984.1386736515,4.359,83.1634146341463,,0.536233629966067,163333540887.919,106.1,36.2,93.3,26.9,123.0,2463.6
Norway,2022,82.179,,46898.0,81.661969318,,82.5,7.7152424816,8.5130138068,94.1929827814,92.3333333333,123150.172908009,3.231,82.509756097561,,0.549772609467286,187938910980.249,100.9,34.7,93.8,26.9,122.0,2513.5
Norway,2023,81.616,,,,7.9930385554,83.1,7.6345566536,,93.9694495133,91.5,100437.199369202,3.572,83.1121951219512,,0.724747049690651,197187882171.736,88.6,30.9,92.6,26.7,119.6,2438.5
Norway,2024,81.323,,,,,,7.5915805518,,93.9694495133,91.5,101031.460599068,3.97,,,,,79.2,27.8,94.0,26.8,128.1,2515.7
Poland,2018,,,,,,,,,,70.6666666667,32345.1066076225,3.835,77.6024390243903,22.4094051941271,0.713892149018161,676305068425.152,45.2,16.6,117.9,33.6,114.0,2931.7
Poland,2019,74.951,99.893456,30467.0,80.0150369903,,78.0,,,83.9307498522,70.6666666667,35882.3655065553,3.267,77.9048780487805,18.7701954101512,0.661855188726895,730684047056.357,39.1,14.9,112.3,32.2,102.0,2968.1
Poland,2020,75.884,99.893265,32442.0,80.5573117889,,76.4,,,90.6514684843,70.6666666667,37089.3004256812,3.155,76.4,17.9583314936851,0.69686389242182,727530647244.395,40.0,15.7,111.3,31.7,102.3,3024.4
Poland,2021,77.908,,32228.0,79.2900396438,,75.4,7.5421897616,,90.6514684843,70.6666666667,41059.5847829682,3.268,75.3512195121951,,0.717659927064458,785673656529.536,42.0,18.1,109.3,31.3,99.7,2960.0
Poland,2022,79.069,,31732.0,78.682078498,,77.2,7.6642820518,8.0956308115,90.6514684843,70.6666666667,46077.3855556036,2.811,77.1560975609756,,0.703386223722305,925575582950.536,39.0,14.4,112.7,31.8,109.6,3102.6
Poland,2023,80.135,,32249.0,78.9683100628,7.381880483,78.4,7.6173374355,,88.0135482391,67.0,46757.5401841254,2.743,78.5073170731707,,0.802314721828908,934439768245.758,38.6,16.0,114.4,32.1,109.7,3196.4
Poland,2024,80.503,,,,,,7.6150752664,,88.0135482391,67.0,50540.9320799713,2.472,,,,1011570723271.54,41.9,19.2,123.1,32.9,117.5,3828.3
Portugal,2018,,,,,,,,,,79.3333333333,34896.7993382974,6.994,81.3243902439024,9.02601451562929,0.784476811591817,202692398378.108,55.9,20.4,113.2,30.3,119.3,3710.3
Portugal,2019,78.031,98.240067,30877.0,80.7683139507,,81.9,,,88.3470438073,79.3333333333,37865.5603564295,6.464,81.6756097560976,7.98256121876526,0.705776821960449,219580240616.315,50.4,21.1,109.9,29.0,117.9,3780.3
Portugal,2020,77.156,98.250084,30209.0,80.1442472073,,81.5,,,87.2113910813,82.0,35966.712796561,6.801,81.3292682926829,8.45242266236737,0.78106023430457,202758557383.881,49.5,21.8,113.5,30.0,124.5,3832.6
Portugal,2021,78.853,,31345.0,80.9963815719,,81.5,6.9802413011,,87.2113910813,82.0,38657.6677223425,6.577,81.3780487804878,,0.789147831496343,224001299634.272,52.9,22.3,111.5,29.6,120.8,3740.5
Portugal,2022,80.426,,31681.0,81.2445985561,,81.8,6.9661353879,8.2078514955,87.2113910813,82.0,44557.281053572,6.011,81.6317073170732,,0.719971949892832,264304017628.838,47.9,20.7,112.3,29.9,121.0,3753.4
Portugal,2023,81.018,,32153.0,81.9609828711,7.3073037413,82.5,7.0631781497,,88.2337907429,80.5,47426.4880861568,6.509,82.2804878048781,,,278531912931.965,45.3,21.9,110.9,29.5,118.3,3732.8
Portugal,2024,81.578,,34165.0,82.4066813813,,,7.2557314635,,88.2337907429,80.5,50649.5102380857,6.384,,,,,46.6,25.4,104.8,27.9,116.7,3502.7
Romania,2018,,,,,,,,,,63.6666666667,29382.1965850957,4.187,75.3585365853659,17.1719925973938,1.27564870308368,317335202720.737,39.7,10.9,117.0,33.4,113.7,2911.7
Romania,2019,73.759,99.991295,21547.0,77.4460009976,,75.6,,,81.4992707409,63.6666666667,33424.7595510148,3.912,75.6073170731707,15.0073403663299,1.25118311157138,352155332132.675,36.5,10.0,126.8,34.4,128.0,3537.4
Romania,2020,73.522,99.991302,21470.0,77.8179793996,,74.2,,,83.512942715,67.3333333333,34193.9192932829,5.035,74.2536585365854,14.8501731264834,1.44901611032613,346196880046.717,35.3,10.0,129.9,34.7,136.9,3675.9
Romania,2021,69.833,,22248.0,76.8740143143,,72.8,7.6936007857,,83.512942715,67.3333333333,37534.1312061635,5.59,72.809756097561,,1.26765356960595,381881919457.24,38.5,10.8,126.7,34.1,133.8,3596.2
Romania,2022,71.724,,22418.0,75.3270739586,,75.1,7.6600869926,7.8072399477,83.512942715,67.3333333333,42070.4881610181,5.614,75.1536585365854,,1.28868853637199,439326509574.533,35.2,10.2,124.2,33.6,131.4,3567.1
Romania,2023,71.867,,23092.0,,7.9468078852,76.4,7.7346323615,,80.7845234596,66.0,45379.2327532204,5.589,76.6073170731707,,1.10887485110282,470365302417.226,37.4,9.9,123.9,33.5,130.1,3565.6
Romania,2024,72.827,,25669.0,,,,7.7269573848,,80.7845234596,66.0,48731.3249098489,5.379,,,,521107943778.186,38.8,10.6,123.0,33.3,128.2,3582.5
Russia,2018,,,,,,,,,,,,,,,,,43.9,16.6,202.2,48.3,206.6,4521.6
Russia,2019,,,,,,,,,,,,,,,,,35.5,12.7,188.7,46.0,192.2,4331.5
Russia,2020,,,,,,,,,,,,,,,,,39.2,11.4,186.6,45.3,197.0,4488.2
Russia,2021,,,,,,,,,,,,,,,,,33.2,9.8,181.8,44.6,191.2,4345.5
Russia,2022,,,,,,,,,,,,,,,,,35.3,13.1,181.4,44.5,189.4,4369.8
Russia,2023,,,,,,,,,,,,,,,,,40.8,12.8,177.9,43.9,185.7,4318.7
Russia,2024,,,,,,,,,,,,,,,,,29.5,9.9,173.2,43.2,182.0,4191.7
San Marino,2018,,,,,,,,,,,54460.9058332865,,85.095,11.7160220114158,,646525469.184903,,,,,,
San Marino,2019,,,,,,,,,,,57444.1193582109,,85.257,10.4938237574833,,661448717.611796,,,,,,
San Marino,2020,,,,,,,,,,,55206.5812324405,,82.65,10.6908983278922,,634711034.472265,,,,,,
San Marino,2021,,,,,,,,,,,64745.1316780701,,83.539,,,686426390.228705,,,,,,
San Marino,2022,,,,,,,,,,,75941.4899090162,,85.708,,,835880904.762035,,,,,,
San Marino,2023,,,,,,,,,,,78745.4313299335,,85.706,,,954871847.979818,,,,,,
San Marino,2024,,,,,,,,,,,,,,,,,,,,,,
Serbia,2018,,,,,,,,,,,18468.666104895,12.733,75.890243902439,27.1283419584164,1.49572244747486,73551029679.8737,39.6,8.4,101.0,28.9,120.9,2770.8
Serbia,2019,,,,,,,,,,,20586.9939399294,10.395,75.9365853658537,22.6362588980641,1.26325112750546,79420906684.2114,35.4,8.1,103.6,29.7,113.5,2834.6
Serbia,2020,,,,,,,,,,,21013.0399401927,9.011,74.4780487804878,22.5075355689004,1.21601456438015,77009536732.1609,35.7,9.1,108.0,30.4,120.4,3047.4
Serbia,2021,,,,,,,,,,,23406.3429959064,9.843,72.780487804878,,1.1264836301447,86636967808.5193,39.2,9.8,111.3,31.1,123.5,3150.7
Serbia,2022,,,,,,,,,,,26247.1912319245,8.439,75.2365853658537,,1.08964325742373,98315647076.6392,36.2,8.7,110.0,30.8,121.2,3116.5
Serbia,2023,,,,,,,,,,,28748.856357169,8.268,76.2209756097561,,1.31400205013848,104846026635.492,37.2,10.6,111.7,31.1,123.6,3187.9
Serbia,2024,,,,,,,,,,,32233.760327554,7.39,,,,114967992764.12,38.3,12.7,110.3,30.9,120.6,3152.4
Slovakia,2018,,,,,,,,,,65.6666666667,31509.8187291635,6.544,77.2658536585366,18.678784905987,1.23088635575335,80859242791.6788,50.4,18.9,119.2,32.2,231.8,3153.5
Slovakia,2019,76.248,99.999847,26939.0,73.5387106083,,77.8,,,89.9163150938,65.6666666667,33985.6758419661,5.761,77.6658536585366,15.8371166474072,1.39433538407656,86918858893.4814,45.0,16.1,104.6,29.6,191.6,2658.3
Slovakia,2020,75.463,99.999847,27372.0,73.0262750555,,77.0,,,94.8975907718,72.6666666667,35327.9439165588,6.719,76.8658536585366,15.3916194257365,1.15489878274585,92105828018.5491,44.5,16.1,102.1,29.1,176.9,2596.6
Slovakia,2021,78.024,,28292.0,72.9879639639,,74.6,7.127231716,,94.8975907718,72.6666666667,38346.0935768177,6.894,74.6146341463415,,1.0105169087957,99730736284.1222,49.1,17.4,98.8,27.8,168.9,2634.4
Slovakia,2022,80.04,,27985.0,71.5914810008,,77.0,7.0444166963,7.8933489619,94.8975907718,72.6666666667,41096.018502098,6.143,76.9658536585366,,0.767376066253057,117975664263.61,44.7,16.1,100.3,28.2,167.0,2698.4
Slovakia,2023,80.709,,27823.0,72.8820507299,7.6780695565,78.2,7.2861273274,,93.5706009141,67.5,43949.8572125349,5.84,78.0170731707317,,1.12358440823663,125544069869.299,44.2,14.9,100.9,28.1,164.1,2800.5
Slovakia,2024,81.324,,28344.0,73.0559509443,,,7.2987172383,,93.5706009141,67.5,47180.8487662884,5.234,,,,,47.9,15.1,98.8,27.4,157.9,2776.7
Slovenia,2018,,,,,,,,,,89.3333333333,38620.2045436305,5.108,81.3780487804878,18.1801552844915,0.434891751818874,37124488411.2504,59.6,15.5,107.0,27.8,148.7,3644.0
Slovenia,2019,78.381,99.998131,28973.0,81.877092392,,81.6,,,93.632946031,89.3333333333,42373.2506369279,4.446,81.5292682926829,13.9082165762349,0.671965756625042,41225025471.8354,52.5,15.4,97.7,24.8,132.0,3177.3
Slovenia,2020,78.289,99.998161,30194.0,82.6595978418,,80.6,,,94.7545209559,90.0,41767.2579899957,4.971,80.5317073170732,14.2911527506818,0.523206714930108,38709201075.6603,53.4,17.1,103.6,27.3,150.0,3355.8
Slovenia,2021,78.985,,31425.0,82.6835245632,,80.7,7.6296672546,,94.7545209559,90.0,45914.0572392406,4.744,80.6756097560976,,0.425835133669648,44749221929.4163,59.4,18.9,102.1,26.8,143.6,3331.2
Slovenia,2022,80.587,,31535.0,82.2837944037,,81.3,7.5836058625,8.5585686942,94.7545209559,90.0,51079.1780691932,4.011,81.2829268292683,,0.614590956625007,51671495225.1481,53.9,17.9,100.3,26.5,140.7,3195.6
Slovenia,2023,79.755,,31599.0,83.2008475339,7.7869534649,82.0,7.7353877821,,93.4415068753,87.5,53952.2047300024,3.652,81.9780487804878,,0.566466326409227,54348550972.975,50.8,16.6,99.2,26.1,137.6,3156.9
Slovenia,2024,80.547,,,,,,7.6741310058,,93.4415068753,87.5,56502.0375242201,3.357,,,,,49.3,17.0,96.9,25.2,133.9,3036.1
Spain,2018,,,,,,,,,,81.3333333333,41015.1565755187,15.255,83.4317073170732,10.1845744948112,0.613681647994712,983538649092.144,61.8,22.2,116.1,31.4,135.7,3522.4
Spain,2019,70.609,99.165573,35533.0,78.5466472476,,84.0,,,91.6868047278,81.3333333333,44042.757577336,14.104,83.8317073170732,9.35354339662499,0.69779523479218,1046221852593.17,54.7,20.7,108.1,29.4,123.5,3400.0
Spain,2020,68.663,99.207466,34875.0,79.0888885992,,82.3,,,93.1459859007,80.3333333333,39327.8479269599,15.532,82.2317073170732,9.58105460690675,0.69421884953507,914053441474.826,53.8,21.8,105.7,29.1,121.6,3232.3
Spain,2021,70.294,,35908.0,78.7785042521,,83.3,7.1921043699,,93.1459859007,80.3333333333,44251.6658222621,14.781,83.1780487804878,,0.607512242916661,1049822542523.33,59.1,23.6,107.3,29.4,129.6,3282.4
Spain,2022,72.001,,35108.0,78.6297342333,,83.2,7.1268416488,7.868601518,93.1459859007,80.3333333333,50468.0966924829,12.917,83.1341463414634,,0.679512839473507,1214446734458.84,53.9,21.3,107.0,29.2,127.6,3305.0
Spain,2023,73.338,,36537.0,80.1848418285,7.2530427124,84.0,7.2269001128,,92.1724430822,81.5,53224.8381970176,12.179,83.8829268292683,,0.690855954769765,1298414721198.85,50.6,21.7,105.2,29.1,125.1,3171.9
Spain,2024,74.174,,,,,,7.1825148781,,92.1724430822,81.5,56877.6411034322,11.394,,,,,48.4,23.6,96.3,26.4,120.1,2869.0
Sweden,2018,,,,,,,,,,76.3333333333,53122.438677218,6.365,82.5585365853659,6.29086232136503,1.06138286689242,232981015110.259,83.7,28.0,99.3,30.7,103.0,2167.7
Sweden,2019,84.46,87.747414,42069.0,80.2115925562,,83.2,,,92.2745474807,76.3333333333,57046.4463076951,6.833,83.109756097561,6.06869269595507,1.07985845098683,244452645949.536,71.6,26.0,101.8,30.3,131.8,2394.1
Sweden,2020,83.326,73.017067,41323.0,79.7042212412,,82.4,,,93.8173603759,80.6666666667,57489.2657196219,8.291,82.3560975609756,5.63670790600148,1.19764105277864,241229539765.697,69.8,25.9,103.6,30.5,147.0,2450.0
Sweden,2021,82.641,,42765.0,79.5403392335,,83.1,7.5945220982,,93.8173603759,80.6666666667,62731.700616293,8.722,83.0560975609756,,1.08485573554827,265262122530.745,79.2,28.1,101.6,29.9,139.5,2464.2
Sweden,2022,84.12,,42704.0,80.1453286265,,83.1,7.5102990697,8.3183111195,93.8173603759,80.6666666667,66375.6164555727,7.392,83.0585365853659,,1.10609575089503,298139314924.676,71.7,25.9,99.1,29.4,135.0,2377.1
Sweden,2023,84.661,,42089.0,81.0570033636,7.5702273453,83.4,7.46415539,,92.1421392541,80.0,67258.8461000938,7.611,83.309756097561,,1.14675703743944,301133991937.584,62.9,22.7,98.2,29.4,132.7,2309.2
Sweden,2024,84.235,,42260.0,,,,7.4497328467,,92.1421392541,80.0,71030.4601718093,8.528,,,,,62.2,23.1,96.4,29.1,130.1,2229.2
Switzerland,2018,,,,,,,,,,87.3333333333,70688.8187491194,4.713,83.7536585365854,10.1481592849367,0.587106357663197,274827712969.859,131.4,53.8,90.8,29.3,105.6,1783.7
Switzerland,2019,84.102,99.783203,47798.0,78.5773319116,,84.0,8.025741548,8.648489486,93.606401065,87.3333333333,73732.2353322093,4.394,83.9048780487805,9.45001875443382,0.53628529631628,287593777990.088,121.2,50.2,90.3,29.1,98.7,1822.8
Switzerland,2020,83.734,99.711052,49115.0,79.0480361328,,83.1,8.078755342,8.686494916,91.9178578661,86.3333333333,72997.8239503282,4.817,83,9.06104968621636,0.543944872228796,280530993361.448,122.4,50.3,94.1,29.1,103.8,2133.2
Switzerland,2021,83.111,,48967.0,78.5535769252,,83.9,7.894695279,8.644956502,91.9178578661,86.3333333333,81001.4111206118,5.013,83.7512195121951,,0.482369204585241,296416435811.572,131.7,55.0,92.6,28.7,101.2,2093.0
Switzerland,2022,83.447,,49209.0,78.8792894261,,83.7,7.9759560666,8.6142002878,91.9178578661,86.3333333333,91326.1317048182,4.122,83.6048780487805,,0.477697117734824,336146647373.429,123.3,53.5,93.3,28.5,115.9,2151.8
Switzerland,2023,84.134,,48940.0,,7.8360756231,84.3,7.8221484851,,91.2504634678,87.5,90498.5751983504,4.043,84.0560975609756,,0.597481940544685,353524400655.796,114.2,50.2,93.3,28.4,114.5,2182.2
Switzerland,2024,84.013,,,,,,,,91.2504634678,87.5,94115.8242622014,4.11,,,,,112.2,52.8,122.2,33.1,196.8,3248.1
Ukraine,2018,,,,,,,,,,,12554.8486328125,8.799,73.569,17.1041368062157,4.42833090390794,318074712100.24,26.0,8.9,146.7,38.5,139.2,3778.5
Ukraine,2019,,,,,,,,,,,14217.486328125,8.194,73.92,15.5795007311465,4.04827159044446,374735636672.454,27.9,9.5,140.7,37.4,125.3,3727.0
Ukraine,2020,,,,,,,,,,,15541.02734375,9.475,73.283,14.90010098879,3.80035686872931,398807765131.014,33.2,10.5,147.9,38.7,135.5,3865.1
Ukraine,2021,,,,,,,,,,,17846.408203125,9.834,71.631,,3.77663964401616,434872553801.325,29.2,8.7,143.4,37.9,133.1,3728.0
Ukraine,2022,,,,,,,,,,,14770.0712890625,,72.658,,,350860916693.286,30.7,10.6,142.9,37.7,132.3,3775.3
Ukraine,2023,,,,,,,,,,,17665.34375,,73.422,,,386849762789.955,25.6,8.1,143.5,37.8,132.2,3802.8
Ukraine,2024,,,,,,,,,,,18550.462890625,,,,,441909443332.674,28.6,8.5,143.3,37.7,131.4,3814.5
United Kingdom,2018,,,,,,,,,,77.6666666667,47212.2045190522,4.12,81.2560975609756,10.2397854923418,1.09059626628076,1781683523236.46,75.8,33.4,136.1,35.8,166.7,3785.5
United Kingdom,2019,79.975,99.378654,41164.0,75.9595817066,,81.4,7.66,,93.1860380662,77.6666666667,50064.9605582187,3.613,81.3691219512195,9.94569869317993,1.15033375026475,1890024539584.97,65.3,28.6,133.3,34.6,161.4,4025.6
United Kingdom,2020,79.642,99.12661,40112.0,76.1343293005,,80.3,7.39,,88.0726183365,73.6666666667,48230.0477027461,4.472,80.331756097561,9.91288560282114,0.94577935310667,1658606612474.49,67.3,29.8,133.9,34.5,162.6,4144.5
United Kingdom,2021,79.348,,41845.0,76.1627201037,,80.5,7.54,,88.0726183365,73.6666666667,51004.4271714238,4.826,80.6473170731707,,1.11868407522333,1861682009198.74,71.0,31.6,132.7,34.4,158.9,4060.2
United Kingdom,2022,79.786,,40701.0,75.7602363174,,80.9,7.45,,88.0726183365,73.6666666667,58544.4695425536,3.73,81.0112195121951,,,2214067915948.42,69.7,31.8,132.6,34.4,158.3,4076.0
United Kingdom,2023,80.004,,41002.0,76.4711790179,,81.0,,,88.7610470659,76.0,57915.4940036535,3.984,81.2380975609756,,,2337820437950.04,61.5,30.3,133.8,34.6,160.9,4081.1
United Kingdom,2024,80.212,,,,,,,,88.7610470659,76.0,60620.3807747583,4.111,,,,,63.7,33.5,132.8,34.6,158.4,3980.3
